senal,tickers,numero,entran,salen
ta_topgainers,"['GSMG', 'SPRT', 'SGOC', 'DFNS', 'GAMB', 'ASND', 'JWEL', 'TSRI', 'ZOM', 'BYSI', 'MRAM', 'RLX', 'RIDE', 'ASTS', 'CMPI', 'ABVC', 'CABA', 'AVTE', 'LKCO', 'COTY', 'AEHR', 'PSTG', 'MDIA', 'OPNT', 'GWAC', 'RNWK', 'EQ', 'AGFS', 'AMPG', 'ELDN', 'ADCT', 'VRAY', 'OPGN', 'CRTX', 'ALIM', 'AGFY', 'WSM', 'KNBE', 'NDRA', 'ZVO', 'RFL', 'CGA', 'AUPH', 'CFLT', 'NAKD', 'WLMS', 'CBLI', 'POLA', 'VEON', 'ABSI', 'ZEST', 'PHI', 'SBET', 'PWSC', 'DVAX', 'AHAC', 'APTO', 'EDN', 'BMEA', 'CFMS', 'DDL', 'TMDX', 'SNOW', 'AIRI', 'DLPN', 'NOTV', 'GSM', 'RNLX', 'KOPN', 'MOV', 'GBS', 'GOGL', 'INM', 'SVSVU', 'MSGM', 'CYAD', 'TSP', 'PED', 'PRFX', 'HYRE', 'APPH', 'STRM', 'NEXI', 'NSYS', 'PETV', 'HDSN', 'YY', 'XAIR', 'PKOH', 'AEYE', 'WRAP', 'INTA', 'TEDU', 'BEKE', 'SOPH', 'CTOS', 'ANTE', 'CALT', 'ALIT', 'ARMP', 'FHTX', 'PRPO', 'OPFI', 'EDSA', 'UFPT', 'IPWR', 'CRKN', 'VAPO', 'APRE', 'EM', 'PYR', 'VACC', 'SVRA', 'BLDE', 'VYNT', 'TUSK', 'ETSY', 'VOR', 'RELL', 'DYAI', 'DYAI']",121,[],[]
ta_toplosers,"['SLQT', 'ADTX', 'HEPS', 'SNTG', 'BGI', 'YSG', 'RGS', 'VMAR', 'BASE', 'AVNW', 'BLCT', 'ICMB', 'DOCS', 'SAVA', 'DLTR', 'LOV', 'RPHM', 'ANF', 'SLI', 'DXF', 'SINO', 'COHN', 'CPOP', 'ADSK', 'MTEX', 'QTRX', 'BURL', 'HAIN', 'BLUW', 'ALF', 'SYTA', 'IS', 'SNPR', 'AREC', 'SNES', 'EHTH', 'JFIN', 'INTZ', 'FLXN', 'HMLP', 'JWN', 'AMC', 'AXSM', 'GTH', 'RHE', 'MIXT', 'PLCE', 'TDUP', 'SNPX', 'AEHL', 'MGTA', 'SNSE', 'FRD', 'EYEG', 'GIGM', 'LCI', 'EVLO', 'SBEV', 'ACY', 'STIM', 'OSMT', 'CYT', 'IMAB', 'PRTG', 'MMAT', 'GOVX', 'KRUS', 'EWTX', 'XYF', 'AMRX', 'AP', 'CHS', 'OLLI', 'SESN', 'NCTY', 'HUIZ', 'KLXE', 'UPC', 'EJH', 'GEL', 'LX', 'KOD', 'CCRN', 'YQ', 'METC', 'BIG', 'RCAT', 'WAFU', 'HALL', 'LTHM', 'IHT', 'JAKK', 'INDP', 'PRTH', 'BNR', 'KPLT', 'JZXN', 'LAC', 'NM', 'UGP', 'DUOL', 'XELA', 'HVBT', 'APPS', 'GMVD', 'BCAB', 'QTNT', 'TUP', 'IO', 'KEN', 'LMPX', 'HOFV', 'WAVE', 'CVRX', 'MPLN', 'RNA', 'MQ', 'MARA', 'LZ', 'GNLN', 'AHPI', 'TBPH', 'FOA', 'RPTX', 'GILT', 'UCL', 'UK', 'XTLB', 'FTCH', 'MBI', 'KOS', 'FNHC', 'SQSP', 'PALI', 'CFRX', 'TAL', 'BBIG', 'GRCL', 'ENDP', 'CRBU', 'PMCB', 'TTCF', 'CDTX', 'UROY', 'PNT', 'ANVS', 'REE', 'SQBG', 'ORTX', 'MEDS', 'SDGR', 'RBLX', 'VIPS', 'TCON', 'MAX']",155,[],[]
ta_newhigh,"['CDW', 'LBRDA', 'SNPS', 'OTEX', 'NSP', 'SEE', 'ZUO', 'REGN', 'NVT', 'ZBRA', 'LHX', 'HIBB', 'GTS', 'AACIU', 'ODFL', 'ARES', 'NVG', 'GPCOU', 'JBL', 'EPRT', 'ALKS', 'GOGL', 'LSI', 'LSXMK', 'III', 'STT', 'AON', 'GOOGL', 'APH', 'NSA', 'PWR', 'IQV', 'WTS', 'DXCM', 'FWONA', 'TEAM', 'AMR', 'PFPT', 'NAVI', 'RSG', 'MYRG', 'ASML', 'MWA', 'GLOB', 'WM', 'KEYS', 'RGEN', 'BILL', 'DIOD', 'MSI', 'CM', 'NOW', 'MTD', 'GPK', 'CTLT', 'MDXG', 'RADI', 'GS', 'CERE', 'LSXMA', 'A', 'FC', 'TRMB', 'FTNT', 'LSPD', 'MS', 'NUW', 'CSL', 'CODI', 'INOV', 'SPSC', 'SPT', 'BRKR', 'NRG', 'ROG', 'CDNS', 'INMD', 'RRR', 'ICLR', 'PRFT', 'VTOL', 'MRVL', 'RDWR', 'NBH', 'APTS', 'DOMO', 'CIO', 'DDOG', 'ERJ', 'CRH', 'MGIC', 'CUBE', 'SAR', 'DKS', 'HUBS', 'ZNTL', 'EXR', 'JEF', 'GTLS', 'CRL', 'POWI', 'AGEN', 'AVTR', 'TIXT', 'DSGX', 'DAWN', 'EVCM', 'NXPI', 'RMR', 'PGC', 'BYRN', 'BSY', 'CRWD', 'PANW', 'BX', 'CLDX', 'SWAV', 'ZS', 'SOPH', 'PDSB', 'SD', 'PRTA', 'CSV', 'DCBO', 'GAMB', 'WSM', 'BLFS', 'SKIN', 'BYSI', 'GSM', 'MOV', 'OLO', 'DVAX', 'ULTA', 'S', 'FULC', 'PWSC', 'EDN', 'NTAP', 'XAIR', 'DFNS', 'SPRT']",142,[],[]
ta_newlow,"['AGCUU', 'SVFAU', 'NDAC', 'CHAA', 'ATNM', 'ENR', 'OSI', 'HAACU', 'ALZN', 'GO', 'MOVE', 'BAX', 'TNP', 'UIHC', 'CVGW', 'ATVCU', 'SPNV', 'FGEN', 'SUMR', 'EWTX', 'CPB', 'VMAR', 'EAR', 'TBPH', 'FFIE', 'PAY', 'THS', 'OWLT', 'DSP', 'MILE', 'DUOL', 'HMLP', 'GWAC', 'SONN', 'RPHM', 'BLCT', 'EHTH', 'YSG', 'LCI', 'HEPS', 'SLQT']",41,[],[]
ta_mostvolatile,"['SAVA', 'CRTX', 'WSM', 'DOCS', 'ANVS', 'RFL', 'ACY', 'AMC', 'BASE', 'AGFY', 'YY', 'VRPX', 'CFLT', 'BYSI', 'AXSM', 'QTRX', 'NRXP', 'IMPL', 'FLGC', 'BEKE', 'FULC', 'AMTI', 'RNLX', 'EH', 'KNBE', 'BEEM', 'BCYC', 'COHN', 'AVNW', 'SPRT', 'MTEX', 'SNTG', 'OTRK', 'NOTV', 'EJH', 'BSY', 'INMB', 'CYT', 'EWTX', 'TDUP', 'REPL', 'BLUW', 'GRPH', 'BLUWU', 'BNR', 'OMIC', 'TKAT', 'NPCE', 'MXCT', 'FLWS', 'SGOC', 'MDIA', 'DLPN', 'PRTG', 'NSYS', 'TITN', 'NEXI', 'AVTE', 'ALF', 'AUPH', 'ORIC', 'TERN', 'GTH', 'SLQT', 'ETNB', 'FNCH', 'OPNT', 'ABOS', 'DATS', 'GES', 'UGRO', 'BBW', 'DVAX', 'MRIN', 'HEPS', 'TSRI', 'BOX', 'UCL', 'XAIR', 'EVLO', 'GAMB', 'ASTS', 'HPK', 'ATER', 'UUU', 'SQZ', 'RHE', 'ZME', 'AEHR', 'VRAR', 'ENSC', 'SBET', 'TYHT', 'CPOP', 'SYTA', 'MKTY', 'VVOS', 'DYAI', 'ZUO', 'RIDE', 'CGA', 'UTME', 'RPHM', 'WAFU', 'FRD', 'INO', 'NAOV', 'CABA', 'INTZ', 'POLA', 'PRFX', 'SJ', 'ABVC', 'RLX', 'NM', 'RMO', 'COE', 'EQ', 'GWAC', 'FLXN', 'PCSA', 'VRNA', 'RGS', 'VMAR', 'BLCT', 'OCG', 'JFIN', 'ELDN', 'COTY', 'EDAP', 'ZKIN', 'CBLI', 'HUDI', 'KOPN', 'IHT', 'DFNS', 'RDHL', 'JWEL', 'GMVD', 'GSM', 'BBIG', 'AGLE', 'LOV', 'ADTX', 'CMPI', 'KXIN', 'VINO', 'EDN', 'EYEG', 'BGI', 'SNPR', 'ADAP', 'AHAC', 'SINO', 'MRAM', 'CRTD', 'HUIZ', 'CNFR', 'PALT', 'PRPO', 'GSMG', 'XELA', 'OSMT', 'AMPG', 'GROY', 'LCI', 'ADIL', 'ICMB', 'VS', 'HOFV', 'XERS', 'PTPI', 'OPGN', 'INM', 'NINE', 'ANTE', 'TEDU', 'YVR', 'MDNA', 'JFU', 'HYMC', 'NDRA', 'YQ', 'APM', 'CREX', 'RNWK', 'NH', 'LKCO', 'CFMS', 'OTIC', 'STRM', 'IO', 'SNES', 'DXF', 'AGFS', 'HOTH', 'ACRX', 'PED', 'CETX', 'AIRI', 'AIRI']",201,[],[]
ta_mostactive,"['PSFE', 'FAMI', 'OGI', 'HOOD', 'PBR-A', 'WDC', 'UNG', 'ACST', 'UUU', 'PENN', 'ABNB', 'QS', 'ADI', 'SPXS', 'KR', 'EXPR', 'ATVI', 'IEMG', 'BBIG', 'PDD', 'FSR', 'MARA', 'BYSI', 'RIG', 'WMT', 'PROG', 'FB', 'VIAC', 'RMO', 'OPEN', 'YVR', 'BKR', 'CMCSA', 'IQ', 'CVX', 'GEVO', 'GE', 'LVS', 'ET', 'NLY', 'HST', 'XLU', 'BA', 'KWEB', 'SONM', 'SU', 'YSG', 'UAL', 'JETS', 'PCG', 'EQT', 'SABR', 'UMC', 'TNA', 'AMCR', 'MMAT', 'MRNA', 'LCID', 'AGEN', 'ORCL', 'AUPH', 'CIDM', 'SOXL', 'KMI', 'SWN', 'TSM', 'XLI', 'GOLD', 'SKLZ', 'DAL', 'PINS', 'SPCE', 'VWO', 'CPNG', 'SONN', 'KO', 'AUY', 'ANF', 'DLPN', 'VIPS', 'DKS', 'SIRI', 'AEO', 'JPM', 'FCX', 'HEXO', 'OXY', 'JD', 'MRO', 'XOM', 'HPE', 'DVN', 'LKCO', 'XPEV', 'HPQ', 'NCLH', 'NKLA', 'DVAX', 'LUMN', 'TNXP', 'PLUG', 'INO', 'ZKIN', 'BLUW', 'XLP', 'TZA', 'SNOW', 'TSLA', 'BB', 'FCEL', 'PTON', 'YY', 'CSCO', 'C', 'LQD', 'TME', 'VALE', 'KXIN', 'NOK', 'GPS', 'VZ', 'BBD', 'DKNG', 'SLV', 'X', 'SDS', 'CLOV', 'HBAN', 'TLRY', 'GM', 'TLT', 'SOFI', 'EFA', 'PSTG', 'DIDI', 'UBER', 'BEKE', 'CLF', 'MSFT', 'SENS', 'HYG', 'PBR', 'GDX', 'JWN', 'DLTR', 'BABA', 'CRM', 'XELA', 'ADTX', 'M', 'INTC', 'SNAP', 'MU', 'ZNGA', 'XLE', 'TAL', 'WFC', 'EWZ', 'IWM', 'AAL', 'ABEV', 'ADXS', 'NVDA', 'WISH', 'SAVA', 'TQQQ', 'SESN', 'CCL', 'ITUB', 'RLX', 'EEM', 'PFE', 'FXI', 'QQQ', 'SGOC', 'SLQT', 'NIO', 'VXX', 'COTY', 'T', 'CEI', 'XLF', 'BAC', 'VEON', 'PLTR', 'UVXY', 'AAPL', 'EDU', 'AMD', 'SPY', 'F', 'TKAT', 'SNDL', 'SQQQ', 'SPRT', 'AMC', 'GSMG', 'NAKD', 'RIDE', 'ZOM', 'ZOM']",201,[],[]
ta_unusualvolume,"['ZOM', 'RIDE', 'GSMG', 'SPRT', 'TKAT', 'VEON', 'COTY', 'SLQT', 'SGOC', 'RLX', 'SAVA', 'ADXS', 'ADTX', 'CRM', 'DLTR', 'JWN', 'PSTG', 'YY', 'SNOW', 'BLUW', 'ZKIN', 'DVAX', 'DKS', 'DLPN', 'ANF', 'YSG', 'UUU', 'UNG', 'SPLK', 'AMRX', 'MNR', 'ABVC', 'DG', 'PRPO', 'ADSK', 'WSM', 'USIG', 'UP', 'NTAP', 'GWAC', 'ATER', 'HEPS', 'DFNS', 'TEDU', 'KOLD', 'HOTH', 'OPGN', 'NNA', 'SWBK', 'GAMB', 'ULTA', 'RDHL', 'POLA', 'HUIZ', 'OLLI', 'BURL', 'IEO', 'ACIC', 'LPL', 'CSOD', 'GES', 'MKFG', 'ASND', 'HAIN', 'TBPH', 'SCHR', 'PTY', 'MIME', 'ISTB', 'RNWK', 'GNLN', 'EHTH', 'TVTY', 'GTX', 'XAIR', 'JFIN', 'AIRI', 'BLFS', 'SOAC', 'DBEF', 'QTRX', 'RMBL', 'SINO', 'OWLT', 'TPYP', 'TRMK', 'YI', 'RGS', 'GTS', 'INSE', 'SMED', 'NSL', 'SPNV', 'AVNW', 'LMRK', 'JWEL', 'EUM', 'PPTA', 'MORT', 'MRAM', 'RFL', 'NRK', 'FLGB', 'CPSR', 'ZEAL', 'ULVM', 'VMAR', 'PHO', 'IXJ', 'AGZ', 'FLSW', 'TBX', 'ICMB', 'EQ', 'CTHR', 'FWONA', 'VPC', 'TSRI', 'VRNA', 'FCTR', 'INM', 'HPK', 'ATVCU', 'RWL', 'FIV', 'NSSC', 'CHAA', 'AGCUU', 'CPAC', 'RMR', 'QDEC', 'PCN', 'OSI', 'FAUG', 'DSTL', 'SYTA', 'RGI', 'GTIP', 'NSTC', 'EDN', 'PILL', 'BIBL', 'UCL', 'FDIV', 'BICK', 'GCOR', 'AVDE', 'CCBG', 'QMAR', 'IWL', 'SPMO', 'CENHU', 'THY', 'NRACU', 'QPX', 'INKAU', 'FAPR', 'DHBCU', 'DAUG', 'SKOR', 'QABA', 'MBSD', 'LBPS', 'ESG', 'ALIM', 'GHLD', 'VTHR', 'IGN', 'XBJL', 'KINZU', 'FMAR', 'HYXU', 'RWGV', 'QED', 'BLUWU', 'PVAL', 'PFUT', 'PGRO', 'BOUT', 'LKOR', 'DGL', 'EFZ', 'USVM', 'MXE', 'NBO', 'UIVM', 'PLDR', 'BSMM', 'FGM', 'DIVZ', 'ACKIU', 'GQRE', 'ENTR', 'NUSA', 'XSHQ', 'IEHS', 'DFND', 'FSZ', 'MLVF', 'GOAT', 'GOAT']",201,[],[]
ta_overbought,"['CIO', 'SCSC', 'DKS', 'SBT', 'GWAC', 'BYRN', 'NBH', 'SPSC', 'STFC', 'CSV', 'IEC', 'DVAX', 'GTS', 'SNPS', 'PRFT', 'HNP', 'MIME', 'TRIL', 'GLOB', 'SPRT', 'A', 'DFNS']",22,[],[]
ta_oversold,"['EAR', 'SLAMU', 'RPHM', 'GO', 'THS', 'QUOT', 'CVGW', 'PAE', 'OTRK', 'HMLP', 'SLQT', 'MDVL', 'VSTA', 'MITQ']",14,[],[]
n_downgrades,"['YUM', 'SLQT', 'PXLW', 'PSX', 'PNR', 'OHI', 'JWN', 'DOCS', 'DK', 'CVI']",10,[],[]
n_upgrades,"['ZM', 'WELL', 'VEON', 'VTR', 'TALO', 'QSR', 'MPC', 'ERF', 'DKS', 'CPNG', 'CARG', 'BF-B']",12,[],[]
n_earningsbefore,"['YSG', 'YJ', 'XPEV', 'TITN', 'TD', 'SJM', 'SFET', 'SAFM', 'RGS', 'RDHL', 'MOV', 'MOMO', 'MBUU', 'LANC', 'KNOP', 'HMLP', 'HEPS', 'HAIN', 'GOGL', 'GAMB', 'FRO', 'FLWS', 'DLTR', 'DG', 'COTY', 'CM', 'CD', 'BURL', 'BBW', 'ANF']",30,[],[]
n_earningsafter,"['WDAY', 'VMW', 'RCEL', 'PTON', 'PRPO', 'OLLI', 'MRVL', 'LTRX', 'HPQ', 'GPS', 'FXLV', 'DOMO', 'DELL', 'BVXV', 'BILL', 'AFYA']",16,[],[]
it_latestbuys,"['SPRO', 'EVC', 'APLE', 'APPH', 'CFBK', 'RRGB', 'ATLO', 'CSU', 'JKHY', 'AFBI', 'CTEK', 'AIRT', 'PRTH', 'LIVX', 'LUMO', 'HSON', 'DXC', 'KRON', 'ONTF', 'BOXL', 'OSCR', 'ALKS', 'FNKO', 'HOFV', 'SCPS', 'YCBD', 'LFMD', 'RFL', 'REGI', 'CTG', 'NRIM', 'LOV', 'REPX', 'AIRI', 'FPAY', 'VRAY', 'DUOT', 'TRIN', 'WMPN', 'ATGE', 'KOPN', 'CYCC', 'EOLS', 'FMC', 'DNUT', 'SELF', 'BKYI', 'CIM', 'CZWI', 'AAT', 'JACK', 'JMP', 'ARCH', 'ONCS', 'CIO', 'ARRY', 'OGE', 'LUMN', 'NHF', 'FEYE', 'CERE', 'SIEN', 'RMCF', 'HGBL', 'BHG', 'BMEA', 'RAPT', 'PHICU', 'WLMS', 'NMTR', 'LCNB', 'VYNT', 'TURN', 'ASRV', 'TPL', 'OPOF', 'RCG', 'NSYS', 'PETV', 'MINM', 'PALT', 'ATCX', 'SCOBU', 'SCOA', 'UIHC', 'EPD', 'CORR', 'NSPR', 'MYOV', 'FSK', 'WTBA', 'VYNE', 'AM', 'FST', 'AMSF', 'RPHM', 'CRCT', 'NLTX', 'NAUT', 'FAT', 'FAT']",101,['FAT'],['BCOV']
it_latestsales,"['EL', 'EQBK', 'ORI', 'AGYS', 'GPRO', 'VZIO', 'NUAN', 'CARG', 'PCTY', 'OUT', 'DD', 'DDD', 'CRY', 'AGNC', 'AUPH', 'CARV', 'WK', 'AMT', 'TCDA', 'RVLV', 'AMD', 'STRT', 'FITB', 'HASI', 'MORN', 'TWST', 'CVCO', 'CERT', 'PUBM', 'ZI', 'PEGA', 'CPRX', 'STAG', 'CIO', 'VMC', 'AMRC', 'KIDS', 'LPRO', 'CSX', 'AVID', 'BLKB', 'EXP', 'ZTS', 'BX', 'RDFN', 'CYRX', 'AGFY', 'PHR', 'NVDA', 'EXPO', 'YEXT', 'HCAT', 'TYL', 'BLI', 'ADBE', 'AZEK', 'ARW', 'PGEN', 'LSCC', 'KOSS', 'MPWR', 'CRM', 'CRCT', 'AAPL', 'CLH', 'ACVA', 'TMBR', 'HGBL', 'SLAMU', 'QLYS', 'DBX', 'GSHD', 'PI', 'CGEM', 'ZLAB', 'COUR', 'APP', 'MDT', 'MODN', 'TPH', 'ZIP', 'APTS', 'RUN', 'BCAB', 'SEMR', 'ONTF', 'AYX', 'SENS', 'COHU', 'MCW', 'PATH', 'PATK', 'VIR', 'FB', 'FAT', 'SOFI', 'ABNB', 'KLXE', 'APO', 'OTRK', 'OTRK']",101,"['SENS', 'MCW', 'FAT', 'COHU', 'VIR', 'SOFI', 'ONTF', 'PATH', 'KLXE', 'FB', 'PATK', 'RUN', 'AYX', 'OTRK', 'ABNB', 'APO', 'SEMR']","['VIAV', 'DRI', 'ANDE', 'AMAL', 'VICR', 'ORLY', 'CME', 'MDC', 'SCHW', 'FOXF', 'WLFC', 'STFC', 'CGNX', 'HOPE', 'FFIV', 'LWAY', 'FFWM']"
n_majornews,"['DASH', 'ANVS', 'VMW', 'BABA', 'BILL', 'COIN', 'RKT', 'GNLN', 'JD', 'MSFT', 'DIDI', 'ZY', 'VIEW', 'AHCO', 'TSLA', 'KKR', 'UBER', 'SESN', 'LIVE', 'HPQ', 'ATVI', 'JNJ', 'GPS', 'PFE', 'DELL', 'CRM', 'WDAY', 'MRVL', 'AAPL', 'GOOGL', 'GOOG', 'COMP', 'PTON']",33,"['KKR', 'LIVE', 'DASH', 'HPQ', 'BILL', 'TSLA', 'BABA', 'GNLN', 'AHCO', 'UBER', 'JD', 'VMW', 'DIDI']","['MRNA', 'AMZN', 'ARDX', 'ANF', 'REKR', 'DKNG', 'PHG', 'ZM', 'QFIN', 'SNOW', 'DG', 'PYPL', 'ATIP', 'COTY', 'SLQT', 'DLTR', 'DAL', 'WSM', 'SAVA', 'RIDE']"
ta_p_horizontal,"['GMRE', 'LGO', 'RKDA', 'JOE', 'GUNR', 'FFTI', 'ECNS', 'EEMD', 'TSIBU', 'SPE', 'SDD', 'NMTR', 'SYBX', 'WDC', 'VFMF', 'RLGT', 'TNXP', 'EVGO', 'CYTO', 'GLO', 'WTRG', 'VZIO', 'CHSCM', 'IGNYU', 'BSV', 'PUCKU', 'DDMX', 'AGZD', 'MPRO', 'URTY', 'FCNCA', 'GBX', 'TZA', 'FRDM', 'ZUMZ', 'XENE', 'SXC', 'CMPR', 'HCDI', 'FTGC', 'GENY', 'HNW', 'BLOK', 'JHEM', 'TNA', 'PRNT', 'VTWG', 'WY', 'ZCMD', 'EVR', 'SEAC', 'LNN', 'FDM', 'RMT', 'VIRI', 'GSSC', 'NXE', 'CALX', 'PNFP', 'UIS', 'WOOD', 'AVGO', 'RETL', 'PSCT', 'PII', 'TDAC', 'EMGF', 'ORN', 'NSTB', 'IEME', 'DGRE', 'OUT', 'VTWO', 'VXF', 'JBT', 'IBHA', 'OMFS', 'SMOG', 'CLPT', 'IWM', 'SIL', 'AEHL', 'JLS', 'PSJ', 'UNF', 'FYC', 'MRC', 'FST', 'ACNB', 'IJT', 'SLYG', 'DWAS', 'VIOG', 'SHC']",94,[],[]
ta_p_tlresistance,"['NETL', 'CHGX', 'UCYB', 'IIN', 'AIRR', 'GSEW', 'STT', 'QUS', 'SPUS', 'GNMA', 'TTEK', 'BIP', 'CALX', 'CSM', 'IHDG', 'LCG', 'BRKR', 'SJB', 'GVIP', 'KLDW', 'INMD', 'TDSC', 'ROMO', 'RETL', 'GLO', 'MXIM', 'MGC', 'QCRH', 'CHY', 'ADME', 'LNN', 'SDS', 'DALI', 'PUCKU', 'SPDN', 'PEZ', 'WIW', 'QUAL', 'BYFC', 'VRS', 'VFMO', 'FND', 'TDSD', 'FV', 'PIN', 'FVC', 'SDG', 'FCOM', 'CORN', 'FOF', 'OUT', 'EAD', 'USMC', 'RCS', 'NTSX', 'RIV', 'UAPR', 'MMTM', 'PJUN', 'SMOG', 'UPRO', 'AVGO', 'PFL', 'OMF', 'IOO', 'TWM', 'PSCT', 'TZA', 'FFA', 'SSUS', 'JQUA', 'CYAD', 'SFY', 'SPGM', 'EOI', 'BJUN', 'VOX', 'SH', 'BMAY', 'ORCL', 'SRTY', 'SPXL', 'HLNE', 'XLG', 'BIBL', 'IQDG', 'TRND', 'IJT', 'NFJ', 'NJUL', 'PHT', 'SPHQ', 'VIOG', 'XLSR', 'SLYG']",95,['NETL'],['FLQH']
ta_p_tlsupport,"['RAMP', 'SPGM', 'HHC', 'RWO', 'IMUX', 'FIW', 'VXF', 'DIVO', 'VIAV', 'MEI', 'JHMC', 'REET', 'EEMV', 'VV', 'ROMO', 'ASUR', 'GSEW', 'SCHX', 'AWP', 'SUSA', 'DDMX', 'IBHA', 'EML', 'SDG', 'SCHK', 'AOA', 'TCX', 'ITOT', 'OEF', 'EMQQ', 'EPS', 'PSJ', 'CII', 'TWNK', 'SSO', 'DFAU', 'HDG', 'SFY', 'AZZ', 'SCHB', 'RFDA', 'EEMA', 'FLAX', 'XMLV', 'DALI', 'BCV', 'VSAT', 'TRND', 'FV', 'KJAN', 'IVV', 'GSLC', 'FEX', 'ACWI', 'VRRM', 'CYRX', 'VIOG', 'SIMS', 'DSI', 'UNF', 'EVGO', 'PTRA', 'INKM', 'NCR', 'JUST', 'SPYX', 'ETHO', 'WPS', 'ESGV', 'AWAY', 'ESG', 'SHOO', 'PTLC', 'TRGP', 'ESGU', 'SIOX', 'IBP', 'NBTX', 'VT', 'SHE', 'VO', 'GURU', 'CIXX', 'UPRO', 'ROKT', 'SPXL', 'VOO', 'IOO', 'URTH', 'AEHL', 'FVAL', 'FFA', 'PSMB', 'IFGL', 'VTI', 'DWAS', 'DIT', 'CATH', 'TROW']",99,['RAMP'],['STC']
ta_p_wedgeup,"['TDSB', 'BMY', 'ONTO', 'TY', 'IDE', 'EQL', 'XRT', 'JHG', 'RFDI', 'SPFF', 'THRY', 'PSMC', 'TDSE', 'LGH', 'IEHS', 'XTAP', 'AEL', 'PUTW', 'FTGC', 'CMCSA', 'MMTM', 'IYC', 'PMAR', 'FMAR', 'HUBS', 'MDP', 'FTLS', 'QARP', 'NEV', 'BAPR', 'EWRE', 'PSCU', 'BTU', 'BIP', 'WOMN', 'UAPR', 'FSZ', 'AXNX', 'SPTM', 'BMAR', 'TSI', 'SPUU', 'AOM', 'DIVO', 'LFEQ', 'FRC', 'IYY', 'FIVG', 'RFFC', 'AESR', 'IRWD', 'IWB', 'NXPI', 'VFMO', 'MYRG', 'SVXY', 'LCTU', 'CHI', 'TTAC', 'DJUN', 'GPRE', 'PFF', 'GVIP', 'PHDG', 'NTSX', 'BKLC', 'TECH', 'KLDW', 'NETL', 'FQAL', 'SSO', 'ADME', 'IHDG', 'BIBL', 'FLQH', 'BBUS', 'SCHB', 'TRNS', 'USMC', 'PBUS', 'DMRL', 'VV', 'PLBC', 'TDSD', 'ETHO', 'CHGX', 'USXF', 'JHMC', 'GURU', 'URTH', 'HYI', 'SUSA', 'GSLC', 'ESGU', 'ESGV', 'SPGM', 'DALI', 'SFY', 'NFJ', 'XLSR', 'XLSR']",101,['TDSB'],['VFL']
ta_p_wedgedown,"['SEIC', 'FPI', 'VIXY', 'BCOR', 'GHM', 'JOF', 'TILE', 'NWL', 'COTY', 'VIXM', 'FSTR', 'AUD', 'AIV', 'CCM', 'IP', 'VRNA', 'QID', 'PIM', 'EDAP', 'NRXP', 'SIJ', 'LXFR', 'SMFG', 'POW', 'GRPH', 'CREE', 'PAM', 'TECS', 'HYHG', 'LAZR', 'HHC', 'FTSD', 'ABUS', 'DMTK', 'FRG', 'ANGN', 'CHN', 'STRA', 'LBPS', 'ENZL', 'HYLS', 'BSCM', 'ATVCU', 'MFH', 'JCIC', 'EME', 'BTRS', 'PAYS', 'RLJ', 'DCTH', 'JD', 'CVII', 'SYTA', 'SOXS', 'EWTX', 'CBLS', 'CGEM', 'PAYO', 'PRTH', 'DMRC', 'NRIM', 'ONCS', 'ABIO', 'FSTX', 'MREO', 'FNGD', 'DOG', 'FNI', 'STRT', 'PMCB', 'AGLE', 'FJP', 'TECK', 'MEOH', 'TCVA', 'CMCL', 'FTCVU', 'INDO', 'IIN']",79,[],['NRAC']
ta_p_wedgeresistance,"['FLME', 'CLI', 'QCLN', 'DWIN', 'ACKIT', 'LANDO', 'CBAH', 'GQRE', 'LOB', 'FSBW', 'IFFT', 'SMH', 'CZNC', 'LMPX', 'HGEN', 'FPXI', 'ISD', 'LMAO', 'JRS', 'XSLV', 'AIEQ', 'CET', 'LEXX', 'IAF', 'PNI', 'MINC', 'HYB', 'ROBT', 'PGRWU', 'XSW', 'LEU', 'FPX', 'MMLP', 'BCYP', 'RCLFU', 'FFSG', 'CFFEU', 'MCHX', 'PML', 'JBT', 'PARR', 'UMC', 'BCO', 'RETL', 'TVAC', 'TSBK', 'CTO', 'VIRC', 'AMAT', 'PUCKU', 'CALX', 'OUT', 'MPRO', 'FFIN', 'FRDM', 'VXF', 'SDG', 'SLYG', 'IJT', 'VIOG', 'VIOG']",61,[],[]
ta_p_wedgesupport,"['HFFG', 'TZPSU', 'MHLD', 'HLAHU', 'FOCS', 'PUBM', 'DLCA', 'ADERU', 'FFIC', 'ORGS', 'NUHY', 'TACA', 'HCDI', 'IBML', 'GIIXU', 'FHB', 'MODN', 'AIM', 'KBA', 'KAIR', 'SCOA', 'EAC', 'EVAX', 'NPTN', 'BOUT', 'BLTS', 'SPSK', 'LMACA', 'SCAQU', 'FTAAU', 'VKTX', 'ASZ', 'CNYA', 'MEIP', 'MG', 'NXST', 'AAME', 'KFRC', 'WALDU', 'SDD', 'PDI', 'JPXN', 'SCJ', 'JOE', 'PFIE', 'EVR', 'FYC', 'PPGH', 'ISCG', 'TMKR', 'IEME', 'EDF', 'TZA', 'SRTY', 'TWM', 'HLNE']",56,[],['BYTS']
ta_p_wedge,"['NRAC', 'GSAQU', 'GNACU', 'NRACU', 'KAIRU', 'MEAR', 'HFBL', 'HOMZ', 'ACMR', 'ASPCU', 'MNR', 'FLJP', 'CTBB', 'UCON', 'AIO', 'FRPH', 'PD', 'XSMO', 'ARKW', 'BRIVU', 'CCAP', 'CWB', 'ROAD', 'KSI', 'EWJ', 'DBL', 'BENE', 'MIND', 'COUR', 'HMTV', 'ANEB', 'PBE', 'OLED', 'PERI', 'BLNK', 'BOXL', 'ISDR', 'PII', 'TSEM', 'RAVE', 'CPHC', 'CHIK', 'VACQU', 'AVNW', 'SMB', 'ELP', 'WDAY', 'STON', 'SRDX', 'PDSB', 'RTPYU', 'ECOM', 'AMBA', 'JCICU', 'KN', 'HEWJ', 'SCPL', 'FCVT', 'ASG', 'FANH', 'AHH', 'PARR', 'NTWK', 'ISRA', 'ATGE', 'JPN', 'PFO', 'RHP', 'PEZ']",69,['NRAC'],[]
ta_p_channelup,"['PJAN', 'BAUG', 'LOMA', 'JFR', 'CIZ', 'RMBI', 'AOR', 'RNLX', 'PJP', 'FDIV', 'JGH', 'EPS', 'NURE', 'JUST', 'SPY', 'OMF', 'FJUN', 'GSIE', 'SUN', 'ETG', 'CG', 'ORCL', 'ANGO', 'RFDA', 'PFL', 'MCFE', 'JMM', 'DBAW', 'ILCB', 'SPGP', 'IQDG', 'FIW', 'SCHK', 'APEN', 'PJUN', 'BOOT', 'CATO', 'ITOT', 'RIV', 'PTLC', 'IVV', 'ESCA', 'VTHR', 'GDL', 'MS', 'LOWC', 'CIXX', 'FVAL', 'ADTN', 'IHIT', 'SPE', 'BRKR', 'DYNF', 'QEFA', 'KJAN', 'CRT', 'XDIV', 'SSUS', 'VOO', 'MGC', 'CSM', 'SPYX', 'EMR', 'IWL', 'SCHX', 'JQUA', 'ESG', 'SIMS', 'XLG', 'CHY', 'QUS', 'CATH', 'FOF', 'FVC', 'OEF', 'EIS', 'SHE', 'VTI', 'VRS', 'BGH', 'NJUL', 'BMAY', 'SPHQ', 'QUAL', 'VO', 'ALTM', 'TROW', 'DSI', 'ROMO', 'VRRM', 'FV', 'EOI', 'BJUN', 'DIT', 'UPRO', 'TRND', 'IOO', 'SPXL', 'FFA']",99,['BAUG'],['STC']
ta_p_channeldown,"['NOC', 'RLGY', 'IBMJ', 'KAMN', 'POWRU', 'BLU', 'SPRO', 'BPTS', 'CAAP', 'PSB', 'CNA', 'BSAE', 'DVN', 'USAS', 'APGB', 'MKTX', 'EAT', 'TSC', 'DBI', 'BLMN', 'FSM', 'RHP', 'PULS', 'MEG', 'SKF', 'MSB', 'SRPT', 'DENN', 'GNTX', 'SPAQ', 'AVYA', 'SPNT', 'VRNT', 'MFMS', 'GAMR', 'CATC', 'PRCH', 'NDRA', 'W', 'MCHP', 'CF', 'MIDU', 'FTRI', 'PLTK', 'OCUL', 'TGTX', 'WWD', 'MAR', 'CRVS', 'PHGE', 'EWMC', 'QUIK', 'SDOW', 'HLG', 'ZEAL', 'ELLO', 'SSG', 'SUZ', 'PTMC', 'MVV', 'GBT', 'MDY', 'SNCY', 'FUN', 'GLBS', 'SNSE', 'SPXU', 'DRH', 'SSL', 'GB', 'CPUH', 'CFB', 'PTPI', 'TZOO', 'AQN', 'AOSL', 'IMUX', 'PAAS', 'RAMP', 'PCGU', 'SPXS', 'RWM', 'JWN', 'FFTY', 'EBIZ', 'ICCC', 'PHAR', 'IBMK', 'SDS', 'SPDN', 'CYAD', 'DNB', 'NBTX', 'APVO', 'PRN', 'SH', 'SJB']",97,['PCGU'],['UNP']
ta_p_channel,"['NVGS', 'VYM', 'USCI', 'USPH', 'GCO', 'QEMM', 'CM', 'WEBL', 'HYLD', 'PGRWU', 'SBFG', 'ALYA', 'SBH', 'RBC', 'FOUR', 'IGR', 'XLI', 'ARGO', 'RNP', 'PXJ', 'CAE', 'WSBF', 'COM', 'YELP', 'NETE', 'FNGO', 'ZSL', 'DISAU', 'BEDZ', 'PRGO', 'NEX', 'IUSV', 'SFE', 'CIVB', 'JHMI', 'FBC', 'ISCG', 'BKSC', 'STZ', 'QSY', 'GDV', 'AEO', 'IWO', 'AUTO', 'AXL', 'PNQI', 'SBNY', 'DUSL', 'EWJV', 'JPME', 'CYTO', 'HE', 'ISCB', 'TSRI', 'FNDX', 'SUM', 'UFO', 'DUSA', 'DWAS', 'PCSB', 'FTPAU', 'PCF', 'SMBC', 'USEG', 'FDUS', 'IYJ', 'AGZD', 'RDVY', 'IBTB', 'IEME', 'CSF', 'OHPAU', 'DXJ', 'JVAL', 'RNSC', 'SDACU', 'RAFE', 'WALDU', 'TAIL', 'GPI', 'JSML', 'TDAC', 'TNA', 'AVGO', 'VPL', 'URTY', 'HELE', 'UWM', 'ASR', 'GTLS', 'PSCT', 'BBL', 'PRNT', 'GLO', 'FDM', 'PNFP']",96,"['NVGS', 'SFE']","['GRX', 'GNE']"
ta_p_doubletop,"['DFE', 'LNG', 'LOMA', 'CFX', 'ICL', 'IHRT', 'TCFC', 'FCCO', 'CDZI', 'FTS', 'ING', 'IEUR', 'WSBF', 'OCDX', 'NNN', 'TRUE', 'UCO', 'DBO', 'AGD', 'NUDM', 'IMKTA', 'ENTX', 'OPP', 'ESI', 'OUSM', 'PBTP', 'FCN', 'EWQ', 'FNDB', 'IAK', 'FBC', 'KEX', 'DDWM', 'PVAC', 'LDP', 'WSTG', 'NMS', 'EPP', 'ECC', 'PCEF', 'USOI', 'USX', 'EFO', 'UTHR', 'ACR', 'PMAR', 'IRM', 'TSCO', 'VGK', 'EPSN', 'FXP', 'IDYA', 'VLRS', 'LUNA', 'VMC', 'DBEF', 'FXR', 'AOD', 'XEC', 'ERF', 'RESD', 'ISCF', 'ACWF', 'EWJV', 'LARK', 'KNG', 'UCIB', 'ADES', 'COLD', 'SCHW', 'MA', 'CWS', 'MAIN', 'BBIN', 'FLMX', 'CUZ', 'CBNK', 'CIL', 'CSTM', 'IDMO', 'BLDR', 'GOODO', 'DHY', 'MXF', 'MEXX', 'JJN', 'EGP', 'PAVE', 'MAMB', 'DLR', 'KIM', 'VLT', 'GBL', 'SPVM', 'VENAU', 'ARMR']",96,['ARMR'],['UBCP']
ta_p_doublebottom,"['CARA', 'PBTS', 'GOAC', 'RNG', 'SEED', 'KESG', 'SNCR', 'TWST', 'BLCM', 'MKFG', 'DBP', 'DXR', 'ELOX', 'KALL', 'IONS', 'GDX', 'TEKK', 'SMTC', 'XBI', 'SDH', 'AEVA', 'MKC', 'AFIB', 'IBBJ', 'OUST', 'AXLA', 'LASR', 'LTCH', 'EMLC', 'ARRW', 'FTCH', 'CEW', 'CHIQ', 'CN', 'EATZ', 'VINC', 'FIXX', 'AGI', 'QYLD', 'GOAU', 'RING', 'STMP', 'SPAK', 'EDR', 'BSGM', 'GNOG', 'PCT', 'VMAR', 'NXU', 'AEM', 'GMBTU', 'GERN', 'DADA', 'PRPL', 'AEIS', 'ASND', 'ORGN', 'XL', 'DBTX', 'VNLA', 'ZEV', 'TPTX', 'SNDX', 'VXZ', 'HLG', 'BEDZ', 'SANA', 'PFIX', 'TRYP', 'OCAXU', 'CGAU', 'CNNE', 'DIDI', 'EBND', 'FROG', 'GOLD', 'GRCL', 'NVTA', 'VIXM', 'SHCR', 'ADPT', 'VVNT', 'WINT', 'EFZ']",84,[],['IACC']
ta_p_multipletop,"['CTO', 'ETW', 'LANDO', 'FSBW', 'CDL', 'FDM', 'ESGR', 'FCNCA', 'PRF', 'EWW', 'AUSF', 'EXI', 'NUSC', 'GIB', 'SLRC', 'FIDU', 'GGM', 'TSBK', 'NMCO', 'CAE', 'FOUR', 'BBL', 'FBCV', 'CPG', 'GLAD', 'FCEF', 'GPI', 'DFNL', 'SHOO', 'LIVN', 'HPS', 'RXI', 'ISCB', 'FTA', 'FMF', 'SBFG', 'RNSC', 'GOF', 'HTGC', 'NYCB', 'MAT', 'FCA', 'FYT', 'FBP', 'BRK-A', 'JDIV', 'JRS', 'BRK-B', 'PMBC', 'PKBK', 'SAL', 'IFRA', 'FXO', 'BSM', 'EOD', 'SCHD', 'TERM', 'FDUS', 'JCO', 'CET', 'ISD', 'HE', 'PCM', 'DUSA', 'GQRE', 'CIT', 'JHMI', 'CLI', 'PDT', 'PFX', 'FRI', 'PGZ', 'UEVM', 'PGP', 'COM', 'ETJ', 'LCII', 'SHBI', 'SMBC', 'CSX', 'DLB', 'PNI', 'HIG', 'ERUS', 'PRU', 'GDV', 'IGR', 'IFFT', 'IJH', 'XMLV', 'MMLP', 'IUSV', 'VFMF', 'GF', 'AEG', 'LILA', 'FFSG', 'DRI', 'DUSL', 'ATCO', 'ATCO']",101,"['VFMF', 'ATCO']","['BHP', 'RH']"
ta_p_multiplebottom,"['LJPC', 'TDOC', 'CALA', 'TKC', 'MTBC', 'PT', 'NKE', 'VLON', 'OKTA', 'HIBS', 'KINZU', 'FNCH', 'TZA', 'FOLD', 'GNE', 'ICSH', 'LGOV', 'CTIC', 'HX', 'TIL', 'SPSK', 'HIGA', 'KNSL', 'CFIVU', 'CLOV', 'ISTB', 'SRRK', 'AUY', 'BKI', 'BSV', 'SRTY', 'ORLA', 'IGAC', 'BLDE', 'MTACU', 'HIHO', 'BF-A', 'TWM', 'PRG', 'EPAY', 'HFFG', 'HYLN', 'PTCT', 'MZZ', 'FMTX', 'WVE', 'PRVB', 'COOLU', 'APEI', 'HDRO', 'ALBO', 'CLVT', 'SILV', 'BF-B', 'HCARU', 'DNLI', 'KXIN', 'ADERU', 'SMDD', 'EUCRU', 'DLCAU', 'MYY']",62,"['MYY', 'DLCAU']",[]
ta_p_headandshoulders,"['HBM', 'ORC', 'RGA', 'HEES', 'SIF', 'PGR', 'AMSF', 'DGZ', 'BNSO', 'CW', 'KELYA', 'EWP', 'ROST', 'RUSHA', 'ERIC', 'MEDP', 'IBP', 'AMS', 'RYLD', 'SFYX', 'SMIT', 'BATL', 'VNM', 'BC', 'WFG', 'MGNX', 'BWA', 'HCCI', 'PBPB', 'CCJ', 'ACEL', 'DFEN', 'CWH', 'PATK', 'DWLD', 'STX', 'ZBH', 'IGE', 'PUK', 'TFX', 'TGI', 'CMA', 'JBGS', 'EGLX', 'FBIO', 'VECO', 'BLRX', 'ASYS']",48,[],[]
ta_p_headandshouldersinv,"['CXDO', 'ZM', 'FENC', 'TELA']",4,[],[]
